Transaction Id,Date Initiated,Date Posted,Transaction Type,Payment Method,Recipient ID,Amount,HIT ID,Assignment ID
3222MEAVVIGRCPZLLOQA4KPM2XCDXJ,2021-07-22 09:21:04 -0700,,BONUS_REWARD,,A23Z2Z4RJGRUMU,0.1,3087LXLJ7UIXL01PPWD14BPC4OHF0L,3222MEAVVIGRCPZLLOQA4KPM2XCDXJ
3222MEAVVIGRCPZLLOQA4KPM2XCDXJ,2021-07-22 09:21:04 -0700,,BONUS_REWARD_FEE,,Mechanical Turk,0.02,3087LXLJ7UIXL01PPWD14BPC4OHF0L,3222MEAVVIGRCPZLLOQA4KPM2XCDXJ
374TNBHA8JXTW4LC1M46XMJY5Y3YQJ,2021-07-22 09:21:33 -0700,,ASSIGNMENT_REWARD,,A23Z2Z4RJGRUMU,1,3087LXLJ7UIXL01PPWD14BPC4OHF0L,374TNBHA8JXTW4LC1M46XMJY5Y3YQJ
374TNBHA8JXTW4LC1M46XMJY5Y3YQJ,2021-07-22 09:21:33 -0700,,ASSIGNMENT_REWARD_FEE,,Mechanical Turk,0.2,3087LXLJ7UIXL01PPWD14BPC4OHF0L,374TNBHA8JXTW4LC1M46XMJY5Y3YQJ
3IO1LGZLKHZL7GBA99SES4E5CEP86B,2021-07-22 09:23:49 -0700,,ASSIGNMENT_REWARD,,A29NA4283YJ26D,1,3ZURAPD29GPXSPM7LFH1IG8M9GNF1O,3IO1LGZLKHZL7GBA99SES4E5CEP86B
3IO1LGZLKHZL7GBA99SES4E5CEP86B,2021-07-22 09:23:49 -0700,,ASSIGNMENT_REWARD_FEE,,Mechanical Turk,0.2,3ZURAPD29GPXSPM7LFH1IG8M9GNF1O,3IO1LGZLKHZL7GBA99SES4E5CEP86B
3IAS3U3I0NIGRDQGPJ0LTTNU4G32BK,2021-07-22 10:48:30 -0700,,ASSIGNMENT_REWARD,,A1JG342PWI2PTC,1,366FYU4PUOR7SC8XYE3D5DJL6L8KEE,3IAS3U3I0NIGRDQGPJ0LTTNU4G32BK
3IAS3U3I0NIGRDQGPJ0LTTNU4G32BK,2021-07-22 10:48:30 -0700,,ASSIGNMENT_REWARD_FEE,,Mechanical Turk,0.2,366FYU4PUOR7SC8XYE3D5DJL6L8KEE,3IAS3U3I0NIGRDQGPJ0LTTNU4G32BK
33M4IA01QO3480A29574JYMU0MHRXU,2021-07-25 11:19:50 -0700,,ASSIGNMENT_REWARD,,A15T9HDPHV3X7Q,1,3G4VVJO6Q7IBP3XN7SJOZPIPKVKKPF,33M4IA01QO3480A29574JYMU0MHRXU
33M4IA01QO3480A29574JYMU0MHRXU,2021-07-25 11:19:50 -0700,,ASSIGNMENT_REWARD_FEE,,Mechanical Turk,0.2,3G4VVJO6Q7IBP3XN7SJOZPIPKVKKPF,33M4IA01QO3480A29574JYMU0MHRXU
379J5II41WIKZ2O89GKG9XSOEU1ELE,2021-07-25 11:19:50 -0700,,ASSIGNMENT_REWARD,,A2VOCNVEQI8IPM,1,3QE4DGPGCZDKYOFLJH6LYZF1MI7G4H,379J5II41WIKZ2O89GKG9XSOEU1ELE
379J5II41WIKZ2O89GKG9XSOEU1ELE,2021-07-25 11:19:50 -0700,,ASSIGNMENT_REWARD_FEE,,Mechanical Turk,0.2,3QE4DGPGCZDKYOFLJH6LYZF1MI7G4H,379J5II41WIKZ2O89GKG9XSOEU1ELE
31IBVUNM901F1L0YIV6SEOBQHM0VF0,2021-07-25 11:19:50 -0700,,ASSIGNMENT_REWARD,,A2GRJVN7B5YR96,1,3HEADTGN3XUAHR7EJO1K6TTL1BFRV0,31IBVUNM901F1L0YIV6SEOBQHM0VF0
31IBVUNM901F1L0YIV6SEOBQHM0VF0,2021-07-25 11:19:50 -0700,,ASSIGNMENT_REWARD_FEE,,Mechanical Turk,0.2,3HEADTGN3XUAHR7EJO1K6TTL1BFRV0,31IBVUNM901F1L0YIV6SEOBQHM0VF0
3TDXMTX3CJWEWMNNIV455T8JGMVI6J,2021-07-25 11:19:50 -0700,,ASSIGNMENT_REWARD,,A3FMBSTZ3ZGSV1,1,3MIVREZQWP0WPFY275YDZU8ZPR6KQ6,3TDXMTX3CJWEWMNNIV455T8JGMVI6J
3TDXMTX3CJWEWMNNIV455T8JGMVI6J,2021-07-25 11:19:50 -0700,,ASSIGNMENT_REWARD_FEE,,Mechanical Turk,0.2,3MIVREZQWP0WPFY275YDZU8ZPR6KQ6,3TDXMTX3CJWEWMNNIV455T8JGMVI6J
3QAPZX2QNCFF7QN6R33W9CRBENG20V,2021-07-25 11:19:50 -0700,,ASSIGNMENT_REWARD,,A12EO8AAUDZIU8,1,3YLPJ8OXYGFVKAAB8R6PMLFWP83X4Q,3QAPZX2QNCFF7QN6R33W9CRBENG20V
3QAPZX2QNCFF7QN6R33W9CRBENG20V,2021-07-25 11:19:50 -0700,,ASSIGNMENT_REWARD_FEE,,Mechanical Turk,0.2,3YLPJ8OXYGFVKAAB8R6PMLFWP83X4Q,3QAPZX2QNCFF7QN6R33W9CRBENG20V
3T3LDWXBFV10KZHEZ3PMG5SP2AWW9X,2021-07-29 20:01:44 -0700,,BONUS_REWARD,,AOU59T41ZKA2I,0.1,3XABXM4AK97CUEW1YG1A9PZ8UVYQ8N,3T3LDWXBFV10KZHEZ3PMG5SP2AWW9X
3T3LDWXBFV10KZHEZ3PMG5SP2AWW9X,2021-07-29 20:01:44 -0700,,BONUS_REWARD_FEE,,Mechanical Turk,0.02,3XABXM4AK97CUEW1YG1A9PZ8UVYQ8N,3T3LDWXBFV10KZHEZ3PMG5SP2AWW9X
3IT7BYZ8DJHOB3EVROWT1996XZ2IQY,2021-07-29 20:11:37 -0700,,BONUS_REWARD,,A23Z2Z4RJGRUMU,0.1,3N3WJQXEM0SQH2EZQUKDICNBYPJL2Q,3IT7BYZ8DJHOB3EVROWT1996XZ2IQY
3IT7BYZ8DJHOB3EVROWT1996XZ2IQY,2021-07-29 20:11:37 -0700,,BONUS_REWARD_FEE,,Mechanical Turk,0.02,3N3WJQXEM0SQH2EZQUKDICNBYPJL2Q,3IT7BYZ8DJHOB3EVROWT1996XZ2IQY
3DE3R7OUYCAFVU3U4GFUISBLR6KX82,2021-07-29 20:19:08 -0700,,BONUS_REWARD,,A12EO8AAUDZIU8,0.1,3YO4AH2FQLMUCPRY3COVGATQBXN0QB,3DE3R7OUYCAFVU3U4GFUISBLR6KX82
3DE3R7OUYCAFVU3U4GFUISBLR6KX82,2021-07-29 20:19:08 -0700,,BONUS_REWARD_FEE,,Mechanical Turk,0.02,3YO4AH2FQLMUCPRY3COVGATQBXN0QB,3DE3R7OUYCAFVU3U4GFUISBLR6KX82
303S2HF7YZ1EPIRJR93MC0398SEWAC,2021-07-29 20:29:47 -0700,,BONUS_REWARD,,AOU59T41ZKA2I,7,302U8RURK73P2TFMQHK3X9OB0ICNV2,303S2HF7YZ1EPIRJR93MC0398SEWAC
303S2HF7YZ1EPIRJR93MC0398SEWAC,2021-07-29 20:29:47 -0700,,BONUS_REWARD_FEE,,Mechanical Turk,1.4,302U8RURK73P2TFMQHK3X9OB0ICNV2,303S2HF7YZ1EPIRJR93MC0398SEWAC
3TS034UG7ZLJ2NEMY4REMJSOCZ1GG9,2021-07-29 20:30:47 -0700,,BONUS_REWARD,,A3DTPGXKABAFEJ,11,304QEQWK0XMRRDEIOZWRR5YQWW4O0Q,3TS034UG7ZLJ2NEMY4REMJSOCZ1GG9
3TS034UG7ZLJ2NEMY4REMJSOCZ1GG9,2021-07-29 20:30:47 -0700,,BONUS_REWARD_FEE,,Mechanical Turk,2.2,304QEQWK0XMRRDEIOZWRR5YQWW4O0Q,3TS034UG7ZLJ2NEMY4REMJSOCZ1GG9
347TNA3XJME7C9GT6WW19AJL15I090,2021-07-29 20:31:31 -0700,,BONUS_REWARD,,A12EO8AAUDZIU8,3.5,336OE47KJAMFPNO0IIBQTS12TUGVW1,347TNA3XJME7C9GT6WW19AJL15I090
347TNA3XJME7C9GT6WW19AJL15I090,2021-07-29 20:31:31 -0700,,BONUS_REWARD_FEE,,Mechanical Turk,0.7,336OE47KJAMFPNO0IIBQTS12TUGVW1,347TNA3XJME7C9GT6WW19AJL15I090
3ETT6FP3LD3OF83BL6E81X8RXMNQHD,2021-07-29 20:32:09 -0700,,BONUS_REWARD,,A23Z2Z4RJGRUMU,2.33,31J7RYEC0TSJSHW37QKZDTD66J5L19,3ETT6FP3LD3OF83BL6E81X8RXMNQHD
3ETT6FP3LD3OF83BL6E81X8RXMNQHD,2021-07-29 20:32:09 -0700,,BONUS_REWARD_FEE,,Mechanical Turk,0.47,31J7RYEC0TSJSHW37QKZDTD66J5L19,3ETT6FP3LD3OF83BL6E81X8RXMNQHD
3Z4GS9HPN3C0B2KWIE50KII6X3E77U,2021-07-29 20:33:07 -0700,,ASSIGNMENT_REWARD,,AOU59T41ZKA2I,1,33J5JKFMLE0QTHQVMZ6EI8RXE96Q3V,3Z4GS9HPN3C0B2KWIE50KII6X3E77U
3Z4GS9HPN3C0B2KWIE50KII6X3E77U,2021-07-29 20:33:07 -0700,,ASSIGNMENT_REWARD_FEE,,Mechanical Turk,0.2,33J5JKFMLE0QTHQVMZ6EI8RXE96Q3V,3Z4GS9HPN3C0B2KWIE50KII6X3E77U
31T4R4OBO0I6NJFS9VDB04AKYDBC7W,2021-07-29 20:33:07 -0700,,ASSIGNMENT_REWARD,,A3DTPGXKABAFEJ,1,3MZ3TAMYUTP5VLNEKH21R43RTD5IRO,31T4R4OBO0I6NJFS9VDB04AKYDBC7W
31T4R4OBO0I6NJFS9VDB04AKYDBC7W,2021-07-29 20:33:07 -0700,,ASSIGNMENT_REWARD_FEE,,Mechanical Turk,0.2,3MZ3TAMYUTP5VLNEKH21R43RTD5IRO,31T4R4OBO0I6NJFS9VDB04AKYDBC7W
3XM0HYN6NS1AQN3618DNQE18JUSPET,2021-07-29 20:33:07 -0700,,ASSIGNMENT_REWARD,,A3DTPGXKABAFEJ,1,3L55D8AUGIZNFJD062Y9OXYTJV0YC4,3XM0HYN6NS1AQN3618DNQE18JUSPET
3XM0HYN6NS1AQN3618DNQE18JUSPET,2021-07-29 20:33:07 -0700,,ASSIGNMENT_REWARD_FEE,,Mechanical Turk,0.2,3L55D8AUGIZNFJD062Y9OXYTJV0YC4,3XM0HYN6NS1AQN3618DNQE18JUSPET
37UQDCYH65X2MSLS0C8GQWY9JJPV7A,2021-07-29 20:33:07 -0700,,ASSIGNMENT_REWARD,,A3DTPGXKABAFEJ,1,3RKHNXPHH4YOH85JOEII9V5OSGYKU5,37UQDCYH65X2MSLS0C8GQWY9JJPV7A
37UQDCYH65X2MSLS0C8GQWY9JJPV7A,2021-07-29 20:33:07 -0700,,ASSIGNMENT_REWARD_FEE,,Mechanical Turk,0.2,3RKHNXPHH4YOH85JOEII9V5OSGYKU5,37UQDCYH65X2MSLS0C8GQWY9JJPV7A
3OVR4I9USXLDYX7SCFGZHXFRBOKQ4P,2021-07-29 20:33:07 -0700,,ASSIGNMENT_REWARD,,AOU59T41ZKA2I,1,324N5FAHT5DOUNUJT4SN5H776N7KVU,3OVR4I9USXLDYX7SCFGZHXFRBOKQ4P
3OVR4I9USXLDYX7SCFGZHXFRBOKQ4P,2021-07-29 20:33:07 -0700,,ASSIGNMENT_REWARD_FEE,,Mechanical Turk,0.2,324N5FAHT5DOUNUJT4SN5H776N7KVU,3OVR4I9USXLDYX7SCFGZHXFRBOKQ4P
3TUI152ZZJPW6YA9PXXXJZ8OZ5F1QU,2021-07-29 20:33:07 -0700,,ASSIGNMENT_REWARD,,A3DTPGXKABAFEJ,1,3MVY4USGCEPHW0NRZ626HE8NFFOISC,3TUI152ZZJPW6YA9PXXXJZ8OZ5F1QU
3TUI152ZZJPW6YA9PXXXJZ8OZ5F1QU,2021-07-29 20:33:07 -0700,,ASSIGNMENT_REWARD_FEE,,Mechanical Turk,0.2,3MVY4USGCEPHW0NRZ626HE8NFFOISC,3TUI152ZZJPW6YA9PXXXJZ8OZ5F1QU
37M28K1J0YFBEZJWQQ6HXZP5P46JAM,2021-07-29 20:33:07 -0700,,ASSIGNMENT_REWARD,,A3DTPGXKABAFEJ,1,3IQ9O0AYXE1IB006O67WRJ49HY2IT1,37M28K1J0YFBEZJWQQ6HXZP5P46JAM
37M28K1J0YFBEZJWQQ6HXZP5P46JAM,2021-07-29 20:33:07 -0700,,ASSIGNMENT_REWARD_FEE,,Mechanical Turk,0.2,3IQ9O0AYXE1IB006O67WRJ49HY2IT1,37M28K1J0YFBEZJWQQ6HXZP5P46JAM
3ZV9H2YQQL9X0YKAOAAMZH57LPQW3Z,2021-07-29 20:33:07 -0700,,ASSIGNMENT_REWARD,,A3DTPGXKABAFEJ,1,33EEIIWHLF9A5QSE69CK13JG5TZVQX,3ZV9H2YQQL9X0YKAOAAMZH57LPQW3Z
3ZV9H2YQQL9X0YKAOAAMZH57LPQW3Z,2021-07-29 20:33:07 -0700,,ASSIGNMENT_REWARD_FEE,,Mechanical Turk,0.2,33EEIIWHLF9A5QSE69CK13JG5TZVQX,3ZV9H2YQQL9X0YKAOAAMZH57LPQW3Z
38F5OAUN5VEX4RQ8VNRCBV70B6A7HW,2021-07-29 20:33:08 -0700,,ASSIGNMENT_REWARD,,AOU59T41ZKA2I,1,3HEADTGN3XUAHR7EJO1K6TTL1F1VRY,38F5OAUN5VEX4RQ8VNRCBV70B6A7HW
38F5OAUN5VEX4RQ8VNRCBV70B6A7HW,2021-07-29 20:33:08 -0700,,ASSIGNMENT_REWARD_FEE,,Mechanical Turk,0.2,3HEADTGN3XUAHR7EJO1K6TTL1F1VRY,38F5OAUN5VEX4RQ8VNRCBV70B6A7HW
3PQ8K71NH5M0D6GSWKT440MMZKMAAD,2021-07-29 20:33:08 -0700,,ASSIGNMENT_REWARD,,AOU59T41ZKA2I,1,3UUIU9GZDD76ZC5RHMO22A04CCWT52,3PQ8K71NH5M0D6GSWKT440MMZKMAAD
3PQ8K71NH5M0D6GSWKT440MMZKMAAD,2021-07-29 20:33:08 -0700,,ASSIGNMENT_REWARD_FEE,,Mechanical Turk,0.2,3UUIU9GZDD76ZC5RHMO22A04CCWT52,3PQ8K71NH5M0D6GSWKT440MMZKMAAD
3TE22NPXPJE69SKUEI9MEUEMFXE44Z,2021-07-29 20:33:08 -0700,,ASSIGNMENT_REWARD,,A12EO8AAUDZIU8,1,3MA5N0ATUKD19CUOJEXJRJQLDW9KW4,3TE22NPXPJE69SKUEI9MEUEMFXE44Z
3TE22NPXPJE69SKUEI9MEUEMFXE44Z,2021-07-29 20:33:08 -0700,,ASSIGNMENT_REWARD_FEE,,Mechanical Turk,0.2,3MA5N0ATUKD19CUOJEXJRJQLDW9KW4,3TE22NPXPJE69SKUEI9MEUEMFXE44Z
3UNH76FOC072BPNK9TXPGDZTWJ6MYT,2021-07-29 20:33:08 -0700,,ASSIGNMENT_REWARD,,AGK30V341UN88,1,3SSN80MU9KQGYCZETJT5T24SMYFKXX,3UNH76FOC072BPNK9TXPGDZTWJ6MYT
3UNH76FOC072BPNK9TXPGDZTWJ6MYT,2021-07-29 20:33:08 -0700,,ASSIGNMENT_REWARD_FEE,,Mechanical Turk,0.2,3SSN80MU9KQGYCZETJT5T24SMYFKXX,3UNH76FOC072BPNK9TXPGDZTWJ6MYT
3SNVL38CICUUIYMCSP2K49F640XKC2,2021-07-29 20:33:08 -0700,,ASSIGNMENT_REWARD,,AOU59T41ZKA2I,1,3AQN9REUUNIXKBJE6YTK83GB4VCYD4,3SNVL38CICUUIYMCSP2K49F640XKC2
3SNVL38CICUUIYMCSP2K49F640XKC2,2021-07-29 20:33:08 -0700,,ASSIGNMENT_REWARD_FEE,,Mechanical Turk,0.2,3AQN9REUUNIXKBJE6YTK83GB4VCYD4,3SNVL38CICUUIYMCSP2K49F640XKC2
3NS0A6KXCCA2O513UC1DHFOY6WIZGJ,2021-07-29 20:33:08 -0700,,ASSIGNMENT_REWARD,,A3DTPGXKABAFEJ,1,3NFWQRSHWMGUW4CA3Y24P3CSBC2GFZ,3NS0A6KXCCA2O513UC1DHFOY6WIZGJ
3NS0A6KXCCA2O513UC1DHFOY6WIZGJ,2021-07-29 20:33:08 -0700,,ASSIGNMENT_REWARD_FEE,,Mechanical Turk,0.2,3NFWQRSHWMGUW4CA3Y24P3CSBC2GFZ,3NS0A6KXCCA2O513UC1DHFOY6WIZGJ
3OJSZ2ATD0YLOY6DULQ3MY4A6T657S,2021-07-29 20:33:08 -0700,,ASSIGNMENT_REWARD,,A12EO8AAUDZIU8,1,3MDKGGG62YP2IG55M5Y7UGE4877T6I,3OJSZ2ATD0YLOY6DULQ3MY4A6T657S
3OJSZ2ATD0YLOY6DULQ3MY4A6T657S,2021-07-29 20:33:08 -0700,,ASSIGNMENT_REWARD_FEE,,Mechanical Turk,0.2,3MDKGGG62YP2IG55M5Y7UGE4877T6I,3OJSZ2ATD0YLOY6DULQ3MY4A6T657S
3KRVW3HTZVN5F3BBAN50YRBSF0MMSV,2021-07-29 20:33:08 -0700,,ASSIGNMENT_REWARD,,A12EO8AAUDZIU8,1,3V8JSVE8Z6S2CHXE2T44ELYW47DYEX,3KRVW3HTZVN5F3BBAN50YRBSF0MMSV
3KRVW3HTZVN5F3BBAN50YRBSF0MMSV,2021-07-29 20:33:08 -0700,,ASSIGNMENT_REWARD_FEE,,Mechanical Turk,0.2,3V8JSVE8Z6S2CHXE2T44ELYW47DYEX,3KRVW3HTZVN5F3BBAN50YRBSF0MMSV
3VSOLARPKJBMO272VZ0ULXXWNSR93G,2021-07-29 20:33:08 -0700,,ASSIGNMENT_REWARD,,A3DTPGXKABAFEJ,1,3D42WVSDIGXUIVXAX4OAW3JWG8SYFF,3VSOLARPKJBMO272VZ0ULXXWNSR93G
3VSOLARPKJBMO272VZ0ULXXWNSR93G,2021-07-29 20:33:08 -0700,,ASSIGNMENT_REWARD_FEE,,Mechanical Turk,0.2,3D42WVSDIGXUIVXAX4OAW3JWG8SYFF,3VSOLARPKJBMO272VZ0ULXXWNSR93G
3BDCF01OG5WI575Z9HWAG0K4WEEYL1,2021-07-29 20:33:09 -0700,,ASSIGNMENT_REWARD,,AOU59T41ZKA2I,1,3SBX2M1TLLPBBD9ZMDBXSDJ3S92Q4G,3BDCF01OG5WI575Z9HWAG0K4WEEYL1
3BDCF01OG5WI575Z9HWAG0K4WEEYL1,2021-07-29 20:33:09 -0700,,ASSIGNMENT_REWARD_FEE,,Mechanical Turk,0.2,3SBX2M1TLLPBBD9ZMDBXSDJ3S92Q4G,3BDCF01OG5WI575Z9HWAG0K4WEEYL1
3UOUJI6MTLGWOS2JDZ29O99E714UXG,2021-07-29 20:33:09 -0700,,ASSIGNMENT_REWARD,,AOU59T41ZKA2I,1,3AA88CN99X55YHPOYFF7CGB1O49KY3,3UOUJI6MTLGWOS2JDZ29O99E714UXG
3UOUJI6MTLGWOS2JDZ29O99E714UXG,2021-07-29 20:33:09 -0700,,ASSIGNMENT_REWARD_FEE,,Mechanical Turk,0.2,3AA88CN99X55YHPOYFF7CGB1O49KY3,3UOUJI6MTLGWOS2JDZ29O99E714UXG
30IQTZXKAS8G86Q3FSOPZ2L7RHCX02,2021-07-29 20:33:09 -0700,,ASSIGNMENT_REWARD,,A3DTPGXKABAFEJ,1,35F6NGNVNGLLMGJA5F3Z0UE03IRT7H,30IQTZXKAS8G86Q3FSOPZ2L7RHCX02
30IQTZXKAS8G86Q3FSOPZ2L7RHCX02,2021-07-29 20:33:09 -0700,,ASSIGNMENT_REWARD_FEE,,Mechanical Turk,0.2,35F6NGNVNGLLMGJA5F3Z0UE03IRT7H,30IQTZXKAS8G86Q3FSOPZ2L7RHCX02
323Q6SJS8QIAJK5ED6POZNKH9ONHFS,2021-07-29 20:33:09 -0700,,ASSIGNMENT_REWARD,,A12EO8AAUDZIU8,1,39N6W9XWSLP0WVT58OUSEOJ8HNSYGE,323Q6SJS8QIAJK5ED6POZNKH9ONHFS
323Q6SJS8QIAJK5ED6POZNKH9ONHFS,2021-07-29 20:33:09 -0700,,ASSIGNMENT_REWARD_FEE,,Mechanical Turk,0.2,39N6W9XWSLP0WVT58OUSEOJ8HNSYGE,323Q6SJS8QIAJK5ED6POZNKH9ONHFS
3X66WABAJ4K13CUA9564DEJJR2XG3J,2021-07-29 20:33:09 -0700,,ASSIGNMENT_REWARD,,A3DTPGXKABAFEJ,1,3JY0Q5X06R80A485EI8M7OC4CR2GGY,3X66WABAJ4K13CUA9564DEJJR2XG3J
3X66WABAJ4K13CUA9564DEJJR2XG3J,2021-07-29 20:33:09 -0700,,ASSIGNMENT_REWARD_FEE,,Mechanical Turk,0.2,3JY0Q5X06R80A485EI8M7OC4CR2GGY,3X66WABAJ4K13CUA9564DEJJR2XG3J
3DHE4R9OC4DCIUYR55SZU4ERLPB2GA,2021-07-29 20:33:09 -0700,,ASSIGNMENT_REWARD,,A12EO8AAUDZIU8,1,3K3G488TSAAT7WDZ0IU7X5PHS5XQ5L,3DHE4R9OC4DCIUYR55SZU4ERLPB2GA
3DHE4R9OC4DCIUYR55SZU4ERLPB2GA,2021-07-29 20:33:09 -0700,,ASSIGNMENT_REWARD_FEE,,Mechanical Turk,0.2,3K3G488TSAAT7WDZ0IU7X5PHS5XQ5L,3DHE4R9OC4DCIUYR55SZU4ERLPB2GA
339ANSOTRD4LV18CKZY6FCD1HWWKI1,2021-07-29 20:33:09 -0700,,ASSIGNMENT_REWARD,,A23Z2Z4RJGRUMU,1,3U74KRR68UNAP1BXLMKOWR0Q3XWNTM,339ANSOTRD4LV18CKZY6FCD1HWWKI1
339ANSOTRD4LV18CKZY6FCD1HWWKI1,2021-07-29 20:33:09 -0700,,ASSIGNMENT_REWARD_FEE,,Mechanical Turk,0.2,3U74KRR68UNAP1BXLMKOWR0Q3XWNTM,339ANSOTRD4LV18CKZY6FCD1HWWKI1
3ATTHHXXWIQRF17JJIDV56L3D4QXIG,2021-07-29 20:33:09 -0700,,ASSIGNMENT_REWARD,,A23Z2Z4RJGRUMU,1,3HA5ODM5LIUMI67RYD1PW3YHNHKVSM,3ATTHHXXWIQRF17JJIDV56L3D4QXIG
3ATTHHXXWIQRF17JJIDV56L3D4QXIG,2021-07-29 20:33:09 -0700,,ASSIGNMENT_REWARD_FEE,,Mechanical Turk,0.2,3HA5ODM5LIUMI67RYD1PW3YHNHKVSM,3ATTHHXXWIQRF17JJIDV56L3D4QXIG
36U2A8VAG917L1NHOHK9107P7OHYKQ,2021-07-29 20:33:09 -0700,,ASSIGNMENT_REWARD,,AOU59T41ZKA2I,1,3SR6AEG6XDVEWROGSUCAZOV9WN5YHD,36U2A8VAG917L1NHOHK9107P7OHYKQ
36U2A8VAG917L1NHOHK9107P7OHYKQ,2021-07-29 20:33:09 -0700,,ASSIGNMENT_REWARD_FEE,,Mechanical Turk,0.2,3SR6AEG6XDVEWROGSUCAZOV9WN5YHD,36U2A8VAG917L1NHOHK9107P7OHYKQ
3U4J9857OMDNDENMVVHGPK42GRJ7BQ,2021-07-29 20:33:10 -0700,,ASSIGNMENT_REWARD,,A12EO8AAUDZIU8,1,3YO4AH2FQLMUCPRY3COVGATQBXN0QB,3U4J9857OMDNDENMVVHGPK42GRJ7BQ
3U4J9857OMDNDENMVVHGPK42GRJ7BQ,2021-07-29 20:33:10 -0700,,ASSIGNMENT_REWARD_FEE,,Mechanical Turk,0.2,3YO4AH2FQLMUCPRY3COVGATQBXN0QB,3U4J9857OMDNDENMVVHGPK42GRJ7BQ
3VNL7UK1XNL0OTW9D06DD6N5KM2TF6,2021-07-29 20:33:10 -0700,,ASSIGNMENT_REWARD,,A12EO8AAUDZIU8,1,3D5G8J4N6I6NX6K6ND6F68U3P0YVTB,3VNL7UK1XNL0OTW9D06DD6N5KM2TF6
3VNL7UK1XNL0OTW9D06DD6N5KM2TF6,2021-07-29 20:33:10 -0700,,ASSIGNMENT_REWARD_FEE,,Mechanical Turk,0.2,3D5G8J4N6I6NX6K6ND6F68U3P0YVTB,3VNL7UK1XNL0OTW9D06DD6N5KM2TF6
386CSBG1O7ORDKB6V39EEVZ57AAQ6K,2021-07-29 20:33:10 -0700,,ASSIGNMENT_REWARD,,AOU59T41ZKA2I,1,3CO05SML837UOQ6YGRDVL03V7JP0RC,386CSBG1O7ORDKB6V39EEVZ57AAQ6K
386CSBG1O7ORDKB6V39EEVZ57AAQ6K,2021-07-29 20:33:10 -0700,,ASSIGNMENT_REWARD_FEE,,Mechanical Turk,0.2,3CO05SML837UOQ6YGRDVL03V7JP0RC,386CSBG1O7ORDKB6V39EEVZ57AAQ6K
3SNLUL3WOCP1OYLUZGZLDFER0YGLUJ,2021-07-29 20:33:10 -0700,,ASSIGNMENT_REWARD,,AOU59T41ZKA2I,1,32204AGABJEEA03GYOQ4SOO5RRFGHX,3SNLUL3WOCP1OYLUZGZLDFER0YGLUJ
3SNLUL3WOCP1OYLUZGZLDFER0YGLUJ,2021-07-29 20:33:10 -0700,,ASSIGNMENT_REWARD_FEE,,Mechanical Turk,0.2,32204AGABJEEA03GYOQ4SOO5RRFGHX,3SNLUL3WOCP1OYLUZGZLDFER0YGLUJ
3Z9WI9EOZ7QLZ6XSEHGLF0CMHMPHKJ,2021-07-29 20:33:10 -0700,,ASSIGNMENT_REWARD,,AOU59T41ZKA2I,1,3SV8KD29MCU537ZTU1HQQNK3UYDKZU,3Z9WI9EOZ7QLZ6XSEHGLF0CMHMPHKJ
3Z9WI9EOZ7QLZ6XSEHGLF0CMHMPHKJ,2021-07-29 20:33:10 -0700,,ASSIGNMENT_REWARD_FEE,,Mechanical Turk,0.2,3SV8KD29MCU537ZTU1HQQNK3UYDKZU,3Z9WI9EOZ7QLZ6XSEHGLF0CMHMPHKJ
392CY0QWG9T0HZJ9Z7BQ8VO5KE5I4G,2021-07-29 20:33:10 -0700,,ASSIGNMENT_REWARD,,A3DTPGXKABAFEJ,1,3CKVGCS3QO76P56BVGD0BA8RTL80S0,392CY0QWG9T0HZJ9Z7BQ8VO5KE5I4G
392CY0QWG9T0HZJ9Z7BQ8VO5KE5I4G,2021-07-29 20:33:10 -0700,,ASSIGNMENT_REWARD_FEE,,Mechanical Turk,0.2,3CKVGCS3QO76P56BVGD0BA8RTL80S0,392CY0QWG9T0HZJ9Z7BQ8VO5KE5I4G
3OXV7EAXLMSZ6J54XSXI1N6UXOA36K,2021-07-29 20:33:10 -0700,,ASSIGNMENT_REWARD,,A3DTPGXKABAFEJ,1,3OLZC0DJ9RHXOS4VT17BS1SUEJIIVH,3OXV7EAXLMSZ6J54XSXI1N6UXOA36K
3OXV7EAXLMSZ6J54XSXI1N6UXOA36K,2021-07-29 20:33:10 -0700,,ASSIGNMENT_REWARD_FEE,,Mechanical Turk,0.2,3OLZC0DJ9RHXOS4VT17BS1SUEJIIVH,3OXV7EAXLMSZ6J54XSXI1N6UXOA36K
3BWI6RSP7OBLKHZ65MJ6QSANJSD7EF,2021-07-29 20:33:10 -0700,,ASSIGNMENT_REWARD,,AOU59T41ZKA2I,1,38RHULDVA6HA3H40JBC7E3B8LSKIWR,3BWI6RSP7OBLKHZ65MJ6QSANJSD7EF
3BWI6RSP7OBLKHZ65MJ6QSANJSD7EF,2021-07-29 20:33:10 -0700,,ASSIGNMENT_REWARD_FEE,,Mechanical Turk,0.2,38RHULDVA6HA3H40JBC7E3B8LSKIWR,3BWI6RSP7OBLKHZ65MJ6QSANJSD7EF
3I7DHKZYGV2Y3RLJC4OFAQHR4KW5F9,2021-07-29 20:33:10 -0700,,ASSIGNMENT_REWARD,,A3DTPGXKABAFEJ,1,38F60IALBOJ745JQKGIQLF4DV4M0TP,3I7DHKZYGV2Y3RLJC4OFAQHR4KW5F9
3I7DHKZYGV2Y3RLJC4OFAQHR4KW5F9,2021-07-29 20:33:10 -0700,,ASSIGNMENT_REWARD_FEE,,Mechanical Turk,0.2,38F60IALBOJ745JQKGIQLF4DV4M0TP,3I7DHKZYGV2Y3RLJC4OFAQHR4KW5F9
3MTMREQS43KXKJJVXPPWMPJDRUGAWX,2021-07-29 20:33:11 -0700,,ASSIGNMENT_REWARD,,A23Z2Z4RJGRUMU,1,31J7RYEC0TSJSHW37QKZDTD66J5L19,3MTMREQS43KXKJJVXPPWMPJDRUGAWX
3MTMREQS43KXKJJVXPPWMPJDRUGAWX,2021-07-29 20:33:11 -0700,,ASSIGNMENT_REWARD_FEE,,Mechanical Turk,0.2,31J7RYEC0TSJSHW37QKZDTD66J5L19,3MTMREQS43KXKJJVXPPWMPJDRUGAWX
3HHRAGRYXG7BAR0OEXKM90V7IH2O91,2021-07-29 20:33:11 -0700,,ASSIGNMENT_REWARD,,A12EO8AAUDZIU8,1,3PIOQ99R86OPPEQMLRAY1NMSMB3NUD,3HHRAGRYXG7BAR0OEXKM90V7IH2O91
3HHRAGRYXG7BAR0OEXKM90V7IH2O91,2021-07-29 20:33:11 -0700,,ASSIGNMENT_REWARD_FEE,,Mechanical Turk,0.2,3PIOQ99R86OPPEQMLRAY1NMSMB3NUD,3HHRAGRYXG7BAR0OEXKM90V7IH2O91
37Q970SNZMA8JEPMH1M2EZNPHT81SR,2021-07-29 20:33:11 -0700,,ASSIGNMENT_REWARD,,A3DTPGXKABAFEJ,1,371DNNCG5C4PMUOTFKV5EUAVE2XT84,37Q970SNZMA8JEPMH1M2EZNPHT81SR
37Q970SNZMA8JEPMH1M2EZNPHT81SR,2021-07-29 20:33:11 -0700,,ASSIGNMENT_REWARD_FEE,,Mechanical Turk,0.2,371DNNCG5C4PMUOTFKV5EUAVE2XT84,37Q970SNZMA8JEPMH1M2EZNPHT81SR
3TK8OJTYM9NRSYPSWY2XQIPUJGMVPE,2021-07-29 20:33:11 -0700,,ASSIGNMENT_REWARD,,AOU59T41ZKA2I,1,3E9ZFLPWP6UPSH9QTG8TGMPFUUQIXK,3TK8OJTYM9NRSYPSWY2XQIPUJGMVPE
3TK8OJTYM9NRSYPSWY2XQIPUJGMVPE,2021-07-29 20:33:11 -0700,,ASSIGNMENT_REWARD_FEE,,Mechanical Turk,0.2,3E9ZFLPWP6UPSH9QTG8TGMPFUUQIXK,3TK8OJTYM9NRSYPSWY2XQIPUJGMVPE
3ZQIG0FLQMIHC7MT8KGSICXQCC5WVO,2021-07-29 20:33:11 -0700,,ASSIGNMENT_REWARD,,A3DTPGXKABAFEJ,1,33QQ60S6B0KM4IYFKL80QBQFEIT0UG,3ZQIG0FLQMIHC7MT8KGSICXQCC5WVO
3ZQIG0FLQMIHC7MT8KGSICXQCC5WVO,2021-07-29 20:33:11 -0700,,ASSIGNMENT_REWARD_FEE,,Mechanical Turk,0.2,33QQ60S6B0KM4IYFKL80QBQFEIT0UG,3ZQIG0FLQMIHC7MT8KGSICXQCC5WVO
3PW9OPU9PYMFEF8ONM7WNHALJY512I,2021-07-29 20:33:11 -0700,,ASSIGNMENT_REWARD,,A3DTPGXKABAFEJ,1,3WRKFXQBPJ9ESMZ0YCUVZ0WOW0KIYQ,3PW9OPU9PYMFEF8ONM7WNHALJY512I
3PW9OPU9PYMFEF8ONM7WNHALJY512I,2021-07-29 20:33:11 -0700,,ASSIGNMENT_REWARD_FEE,,Mechanical Turk,0.2,3WRKFXQBPJ9ESMZ0YCUVZ0WOW0KIYQ,3PW9OPU9PYMFEF8ONM7WNHALJY512I
39KFRKBFIVXQBS8WM9C28HOYRRWOY1,2021-07-29 20:33:11 -0700,,ASSIGNMENT_REWARD,,AOU59T41ZKA2I,1,302U8RURK73P2TFMQHK3X9OB0ICNV2,39KFRKBFIVXQBS8WM9C28HOYRRWOY1
39KFRKBFIVXQBS8WM9C28HOYRRWOY1,2021-07-29 20:33:11 -0700,,ASSIGNMENT_REWARD_FEE,,Mechanical Turk,0.2,302U8RURK73P2TFMQHK3X9OB0ICNV2,39KFRKBFIVXQBS8WM9C28HOYRRWOY1
34T446B1C8GS58F8OWS2LP0XQYD0CQ,2021-07-29 20:33:11 -0700,,ASSIGNMENT_REWARD,,A3DTPGXKABAFEJ,1,3T8DUCXY1V8P0Z73KC1JEQ56Y8FT9T,34T446B1C8GS58F8OWS2LP0XQYD0CQ
34T446B1C8GS58F8OWS2LP0XQYD0CQ,2021-07-29 20:33:11 -0700,,ASSIGNMENT_REWARD_FEE,,Mechanical Turk,0.2,3T8DUCXY1V8P0Z73KC1JEQ56Y8FT9T,34T446B1C8GS58F8OWS2LP0XQYD0CQ
3JNQLM5FTCOS4MCSGWPF7WJZH7F2L0,2021-07-29 20:33:12 -0700,,ASSIGNMENT_REWARD,,A3DTPGXKABAFEJ,1,38G0E1M86U72XJZVNIWPB4G58E5VU2,3JNQLM5FTCOS4MCSGWPF7WJZH7F2L0
3JNQLM5FTCOS4MCSGWPF7WJZH7F2L0,2021-07-29 20:33:12 -0700,,ASSIGNMENT_REWARD_FEE,,Mechanical Turk,0.2,38G0E1M86U72XJZVNIWPB4G58E5VU2,3JNQLM5FTCOS4MCSGWPF7WJZH7F2L0
3U4J9857OMDNDENMVVHGPK42GP8B7F,2021-07-29 20:33:12 -0700,,ASSIGNMENT_REWARD,,A3DTPGXKABAFEJ,1,3WRKFXQBPJ9ESMZ0YCUVZ0WOW0KYI6,3U4J9857OMDNDENMVVHGPK42GP8B7F
3U4J9857OMDNDENMVVHGPK42GP8B7F,2021-07-29 20:33:12 -0700,,ASSIGNMENT_REWARD_FEE,,Mechanical Turk,0.2,3WRKFXQBPJ9ESMZ0YCUVZ0WOW0KYI6,3U4J9857OMDNDENMVVHGPK42GP8B7F
39N5ACM9HMPTVRCPTXX1Y00XSFUP91,2021-07-29 20:33:12 -0700,,ASSIGNMENT_REWARD,,AOU59T41ZKA2I,1,3VO4XFFP2DO8U0RIOB94VP3DJBSQ70,39N5ACM9HMPTVRCPTXX1Y00XSFUP91
39N5ACM9HMPTVRCPTXX1Y00XSFUP91,2021-07-29 20:33:12 -0700,,ASSIGNMENT_REWARD_FEE,,Mechanical Turk,0.2,3VO4XFFP2DO8U0RIOB94VP3DJBSQ70,39N5ACM9HMPTVRCPTXX1Y00XSFUP91
3ZDAD0O1T9FHOFNUDUCZJDNCOS5TX6,2021-07-29 20:33:12 -0700,,ASSIGNMENT_REWARD,,A3DTPGXKABAFEJ,1,3J06WJ78IVM2AYOVS86U7QIOMLEVVR,3ZDAD0O1T9FHOFNUDUCZJDNCOS5TX6
3ZDAD0O1T9FHOFNUDUCZJDNCOS5TX6,2021-07-29 20:33:12 -0700,,ASSIGNMENT_REWARD_FEE,,Mechanical Turk,0.2,3J06WJ78IVM2AYOVS86U7QIOMLEVVR,3ZDAD0O1T9FHOFNUDUCZJDNCOS5TX6
3Y5140Z9D5IM6S5SXR3EBTZ0BDUPID,2021-07-29 20:33:12 -0700,,ASSIGNMENT_REWARD,,AOU59T41ZKA2I,1,3ECKRY5B2YYEXC95UYWED75Q2UOIZH,3Y5140Z9D5IM6S5SXR3EBTZ0BDUPID
3Y5140Z9D5IM6S5SXR3EBTZ0BDUPID,2021-07-29 20:33:12 -0700,,ASSIGNMENT_REWARD_FEE,,Mechanical Turk,0.2,3ECKRY5B2YYEXC95UYWED75Q2UOIZH,3Y5140Z9D5IM6S5SXR3EBTZ0BDUPID
3NS0A6KXCCA2O513UC1DHFOY6Z9ZGG,2021-07-29 20:33:12 -0700,,ASSIGNMENT_REWARD,,AOU59T41ZKA2I,1,3J9UN9O9KBUDQ2NL8M4MJ9H4X2UJ02,3NS0A6KXCCA2O513UC1DHFOY6Z9ZGG
3NS0A6KXCCA2O513UC1DHFOY6Z9ZGG,2021-07-29 20:33:12 -0700,,ASSIGNMENT_REWARD_FEE,,Mechanical Turk,0.2,3J9UN9O9KBUDQ2NL8M4MJ9H4X2UJ02,3NS0A6KXCCA2O513UC1DHFOY6Z9ZGG
3TUI152ZZJPW6YA9PXXXJZ8O0IXQ1S,2021-07-29 20:33:12 -0700,,ASSIGNMENT_REWARD,,A3DTPGXKABAFEJ,1,362E9TQF3PSE6VE0468PS0PKR4UGIQ,3TUI152ZZJPW6YA9PXXXJZ8O0IXQ1S
3TUI152ZZJPW6YA9PXXXJZ8O0IXQ1S,2021-07-29 20:33:12 -0700,,ASSIGNMENT_REWARD_FEE,,Mechanical Turk,0.2,362E9TQF3PSE6VE0468PS0PKR4UGIQ,3TUI152ZZJPW6YA9PXXXJZ8O0IXQ1S
3YW4XOSQKYNOYRHQ66H2T05D2ORU1U,2021-07-29 20:33:12 -0700,,ASSIGNMENT_REWARD,,AOU59T41ZKA2I,1,3K8CQCU3LM32HIFRGRPZJB7P7RENWC,3YW4XOSQKYNOYRHQ66H2T05D2ORU1U
3YW4XOSQKYNOYRHQ66H2T05D2ORU1U,2021-07-29 20:33:12 -0700,,ASSIGNMENT_REWARD_FEE,,Mechanical Turk,0.2,3K8CQCU3LM32HIFRGRPZJB7P7RENWC,3YW4XOSQKYNOYRHQ66H2T05D2ORU1U
3LRLIPTPEYB6PJPE8B6TYEPI4YOAK4,2021-07-29 20:33:12 -0700,,ASSIGNMENT_REWARD,,AOU59T41ZKA2I,1,3W5PY7V3VX9ANXJ6GUFVB1BO9F9YJI,3LRLIPTPEYB6PJPE8B6TYEPI4YOAK4
3LRLIPTPEYB6PJPE8B6TYEPI4YOAK4,2021-07-29 20:33:12 -0700,,ASSIGNMENT_REWARD_FEE,,Mechanical Turk,0.2,3W5PY7V3VX9ANXJ6GUFVB1BO9F9YJI,3LRLIPTPEYB6PJPE8B6TYEPI4YOAK4
34S9DKFK7BR8T78KLUCPTSOT1ENNYB,2021-07-29 20:33:13 -0700,,ASSIGNMENT_REWARD,,A3DTPGXKABAFEJ,1,3EAWOID6N1ZMHXNFPBI5MXSYSP20V5,34S9DKFK7BR8T78KLUCPTSOT1ENNYB
34S9DKFK7BR8T78KLUCPTSOT1ENNYB,2021-07-29 20:33:13 -0700,,ASSIGNMENT_REWARD_FEE,,Mechanical Turk,0.2,3EAWOID6N1ZMHXNFPBI5MXSYSP20V5,34S9DKFK7BR8T78KLUCPTSOT1ENNYB
3OE22WJIGQQCFV17RL7HU1DLADQUQM,2021-07-29 20:33:13 -0700,,ASSIGNMENT_REWARD,,A3DTPGXKABAFEJ,1,308KJXFUKZ835IH8CIFJALGQ4QXTA8,3OE22WJIGQQCFV17RL7HU1DLADQUQM
3OE22WJIGQQCFV17RL7HU1DLADQUQM,2021-07-29 20:33:13 -0700,,ASSIGNMENT_REWARD_FEE,,Mechanical Turk,0.2,308KJXFUKZ835IH8CIFJALGQ4QXTA8,3OE22WJIGQQCFV17RL7HU1DLADQUQM
3XIQGXAUMKAUQHQN0R9YEHVUZU8X7Q,2021-07-29 20:33:13 -0700,,ASSIGNMENT_REWARD,,A12EO8AAUDZIU8,1,388FBO7J0ZV66NARVS7N48S5IZENYB,3XIQGXAUMKAUQHQN0R9YEHVUZU8X7Q
3XIQGXAUMKAUQHQN0R9YEHVUZU8X7Q,2021-07-29 20:33:13 -0700,,ASSIGNMENT_REWARD_FEE,,Mechanical Turk,0.2,388FBO7J0ZV66NARVS7N48S5IZENYB,3XIQGXAUMKAUQHQN0R9YEHVUZU8X7Q
3LEP4MGT3O23UNOWM8K2PCEY2XIBD9,2021-07-29 20:33:13 -0700,,ASSIGNMENT_REWARD,,A23Z2Z4RJGRUMU,1,3IVEC1GSMX1DXR83458MXE0E2U0J15,3LEP4MGT3O23UNOWM8K2PCEY2XIBD9
3LEP4MGT3O23UNOWM8K2PCEY2XIBD9,2021-07-29 20:33:13 -0700,,ASSIGNMENT_REWARD_FEE,,Mechanical Turk,0.2,3IVEC1GSMX1DXR83458MXE0E2U0J15,3LEP4MGT3O23UNOWM8K2PCEY2XIBD9
3NKQQ8O3967IQMX2MZ1XU26MRPEUDC,2021-07-29 20:33:13 -0700,,ASSIGNMENT_REWARD,,AOU59T41ZKA2I,1,3XABXM4AK97CUEW1YG1A9PZ8UVYQ8N,3NKQQ8O3967IQMX2MZ1XU26MRPEUDC
3NKQQ8O3967IQMX2MZ1XU26MRPEUDC,2021-07-29 20:33:13 -0700,,ASSIGNMENT_REWARD_FEE,,Mechanical Turk,0.2,3XABXM4AK97CUEW1YG1A9PZ8UVYQ8N,3NKQQ8O3967IQMX2MZ1XU26MRPEUDC
3GFK2QRXXHJ0ED7E2TYFEE3RZIVW5X,2021-07-29 20:33:13 -0700,,ASSIGNMENT_REWARD,,A12EO8AAUDZIU8,1,336OE47KJAMFPNO0IIBQTS12TUGVW1,3GFK2QRXXHJ0ED7E2TYFEE3RZIVW5X
3GFK2QRXXHJ0ED7E2TYFEE3RZIVW5X,2021-07-29 20:33:13 -0700,,ASSIGNMENT_REWARD_FEE,,Mechanical Turk,0.2,336OE47KJAMFPNO0IIBQTS12TUGVW1,3GFK2QRXXHJ0ED7E2TYFEE3RZIVW5X
340UGXU9D634K3XODK1R0OCTRQWUVD,2021-07-29 20:33:13 -0700,,ASSIGNMENT_REWARD,,AOU59T41ZKA2I,1,3AA88CN99X55YHPOYFF7CGB1O49YKH,340UGXU9D634K3XODK1R0OCTRQWUVD
340UGXU9D634K3XODK1R0OCTRQWUVD,2021-07-29 20:33:13 -0700,,ASSIGNMENT_REWARD_FEE,,Mechanical Turk,0.2,3AA88CN99X55YHPOYFF7CGB1O49YKH,340UGXU9D634K3XODK1R0OCTRQWUVD
3CFJTT4SX1SX0M1S159XB78FBGHI7M,2021-07-29 20:33:13 -0700,,ASSIGNMENT_REWARD,,A3DTPGXKABAFEJ,1,34F34TZU841KMCQZN9802XAJU0EJ2M,3CFJTT4SX1SX0M1S159XB78FBGHI7M
3CFJTT4SX1SX0M1S159XB78FBGHI7M,2021-07-29 20:33:13 -0700,,ASSIGNMENT_REWARD_FEE,,Mechanical Turk,0.2,34F34TZU841KMCQZN9802XAJU0EJ2M,3CFJTT4SX1SX0M1S159XB78FBGHI7M
32Q90QCQ10N9FW6QOG8FUXF9PCPKEA,2021-07-29 20:33:13 -0700,,ASSIGNMENT_REWARD,,A3DTPGXKABAFEJ,1,39O6Z4JLYAZUENTQSN7CVBF92WMVXU,32Q90QCQ10N9FW6QOG8FUXF9PCPKEA
32Q90QCQ10N9FW6QOG8FUXF9PCPKEA,2021-07-29 20:33:13 -0700,,ASSIGNMENT_REWARD_FEE,,Mechanical Turk,0.2,39O6Z4JLYAZUENTQSN7CVBF92WMVXU,32Q90QCQ10N9FW6QOG8FUXF9PCPKEA
3ATPCQ38JGC19OEVCQ7K7M4T2COAYO,2021-07-29 20:33:14 -0700,,ASSIGNMENT_REWARD,,AOU59T41ZKA2I,1,3QTFNPMJDEK6BDKWRE96IF17OTINZ2,3ATPCQ38JGC19OEVCQ7K7M4T2COAYO
3ATPCQ38JGC19OEVCQ7K7M4T2COAYO,2021-07-29 20:33:14 -0700,,ASSIGNMENT_REWARD_FEE,,Mechanical Turk,0.2,3QTFNPMJDEK6BDKWRE96IF17OTINZ2,3ATPCQ38JGC19OEVCQ7K7M4T2COAYO
3LO69W1SUBFIJGKZFBA490D0RNIGLP,2021-07-29 20:33:14 -0700,,ASSIGNMENT_REWARD,,A3DTPGXKABAFEJ,1,30F94FBDOZM8OSM0IWFF5W0WM8ITB3,3LO69W1SUBFIJGKZFBA490D0RNIGLP
3LO69W1SUBFIJGKZFBA490D0RNIGLP,2021-07-29 20:33:14 -0700,,ASSIGNMENT_REWARD_FEE,,Mechanical Turk,0.2,30F94FBDOZM8OSM0IWFF5W0WM8ITB3,3LO69W1SUBFIJGKZFBA490D0RNIGLP
3ZV9H2YQQL9X0YKAOAAMZH57LKNW3M,2021-07-29 20:33:14 -0700,,ASSIGNMENT_REWARD,,AOU59T41ZKA2I,1,3O4VWC1GF4897UMIR9M5L7FB0EEJ3X,3ZV9H2YQQL9X0YKAOAAMZH57LKNW3M
3ZV9H2YQQL9X0YKAOAAMZH57LKNW3M,2021-07-29 20:33:14 -0700,,ASSIGNMENT_REWARD_FEE,,Mechanical Turk,0.2,3O4VWC1GF4897UMIR9M5L7FB0EEJ3X,3ZV9H2YQQL9X0YKAOAAMZH57LKNW3M
3NG53N1RL3LTHMTFO5RNY45M8F38PY,2021-07-29 20:33:14 -0700,,ASSIGNMENT_REWARD,,A12EO8AAUDZIU8,1,3FTID4TN9T0GIN76JFR8RGOGD4EYLK,3NG53N1RL3LTHMTFO5RNY45M8F38PY
3NG53N1RL3LTHMTFO5RNY45M8F38PY,2021-07-29 20:33:14 -0700,,ASSIGNMENT_REWARD_FEE,,Mechanical Turk,0.2,3FTID4TN9T0GIN76JFR8RGOGD4EYLK,3NG53N1RL3LTHMTFO5RNY45M8F38PY
3ND9UOO81S4EG2AZUGEMV3ZOLA7WL1,2021-07-29 20:33:14 -0700,,ASSIGNMENT_REWARD,,AOU59T41ZKA2I,1,36GJS3V793SA16Y6MOTP414K4JJGJ2,3ND9UOO81S4EG2AZUGEMV3ZOLA7WL1
3ND9UOO81S4EG2AZUGEMV3ZOLA7WL1,2021-07-29 20:33:14 -0700,,ASSIGNMENT_REWARD_FEE,,Mechanical Turk,0.2,36GJS3V793SA16Y6MOTP414K4JJGJ2,3ND9UOO81S4EG2AZUGEMV3ZOLA7WL1
3DY4FPOOA9QC4B579Q6MVDP9KY5VR1,2021-07-29 20:33:14 -0700,,ASSIGNMENT_REWARD,,A3DTPGXKABAFEJ,1,3DWNFENNFBXUPQ5MRNROVC7HEEAJ4I,3DY4FPOOA9QC4B579Q6MVDP9KY5VR1
3DY4FPOOA9QC4B579Q6MVDP9KY5VR1,2021-07-29 20:33:14 -0700,,ASSIGNMENT_REWARD_FEE,,Mechanical Turk,0.2,3DWNFENNFBXUPQ5MRNROVC7HEEAJ4I,3DY4FPOOA9QC4B579Q6MVDP9KY5VR1
3DHE4R9OC4DCIUYR55SZU4ERLIZG2Y,2021-07-29 20:33:14 -0700,,ASSIGNMENT_REWARD,,AOU59T41ZKA2I,1,374UMBUHODRRYXE6WWBAGG6E4TITCA,3DHE4R9OC4DCIUYR55SZU4ERLIZG2Y
3DHE4R9OC4DCIUYR55SZU4ERLIZG2Y,2021-07-29 20:33:14 -0700,,ASSIGNMENT_REWARD_FEE,,Mechanical Turk,0.2,374UMBUHODRRYXE6WWBAGG6E4TITCA,3DHE4R9OC4DCIUYR55SZU4ERLIZG2Y
3KIBXJ1WDDWVRNJFIUBBZ99NT99OKM,2021-07-29 20:33:14 -0700,,ASSIGNMENT_REWARD,,A3DTPGXKABAFEJ,1,3KL228NDN3O5CQ4O49T15G4XJ8JGK1,3KIBXJ1WDDWVRNJFIUBBZ99NT99OKM
3KIBXJ1WDDWVRNJFIUBBZ99NT99OKM,2021-07-29 20:33:14 -0700,,ASSIGNMENT_REWARD_FEE,,Mechanical Turk,0.2,3KL228NDN3O5CQ4O49T15G4XJ8JGK1,3KIBXJ1WDDWVRNJFIUBBZ99NT99OKM
3NQL1CS15ZAL1CHTNLYG39I6NI6YVM,2021-07-29 20:33:14 -0700,,ASSIGNMENT_REWARD,,A3DTPGXKABAFEJ,1,3R6RZGK0YNEJESJ0XJTEEPMI42GVY0,3NQL1CS15ZAL1CHTNLYG39I6NI6YVM
3NQL1CS15ZAL1CHTNLYG39I6NI6YVM,2021-07-29 20:33:14 -0700,,ASSIGNMENT_REWARD_FEE,,Mechanical Turk,0.2,3R6RZGK0YNEJESJ0XJTEEPMI42GVY0,3NQL1CS15ZAL1CHTNLYG39I6NI6YVM
39OWYR0EPSTW5FV3N6TCLNFKZOOFYL,2021-07-29 20:33:15 -0700,,ASSIGNMENT_REWARD,,A3DTPGXKABAFEJ,1,3Y3N5A7N5OB0O5PRJRSNRT35D94YMM,39OWYR0EPSTW5FV3N6TCLNFKZOOFYL
39OWYR0EPSTW5FV3N6TCLNFKZOOFYL,2021-07-29 20:33:15 -0700,,ASSIGNMENT_REWARD_FEE,,Mechanical Turk,0.2,3Y3N5A7N5OB0O5PRJRSNRT35D94YMM,39OWYR0EPSTW5FV3N6TCLNFKZOOFYL
3FE2ERCCZ5AW2EGVVMGJVQVMNG7POA,2021-07-29 20:33:15 -0700,,ASSIGNMENT_REWARD,,AOU59T41ZKA2I,1,3JHB4BPSGSBC8JFB387O9LUJE1GQ9C,3FE2ERCCZ5AW2EGVVMGJVQVMNG7POA
3FE2ERCCZ5AW2EGVVMGJVQVMNG7POA,2021-07-29 20:33:15 -0700,,ASSIGNMENT_REWARD_FEE,,Mechanical Turk,0.2,3JHB4BPSGSBC8JFB387O9LUJE1GQ9C,3FE2ERCCZ5AW2EGVVMGJVQVMNG7POA
3VJ40NV2QQPUU692C3P300WJCN3OTX,2021-07-29 20:33:15 -0700,,ASSIGNMENT_REWARD,,A3DTPGXKABAFEJ,1,304QEQWK0XMRRDEIOZWRR5YQWW4O0Q,3VJ40NV2QQPUU692C3P300WJCN3OTX
3VJ40NV2QQPUU692C3P300WJCN3OTX,2021-07-29 20:33:15 -0700,,ASSIGNMENT_REWARD_FEE,,Mechanical Turk,0.2,304QEQWK0XMRRDEIOZWRR5YQWW4O0Q,3VJ40NV2QQPUU692C3P300WJCN3OTX
3Z4XG4ZF4GTYQVV6AW14SHRPAEJ8XT,2021-07-29 20:33:15 -0700,,ASSIGNMENT_REWARD,,A3DTPGXKABAFEJ,1,388FBO7J0ZV66NARVS7N48S5IZEYNM,3Z4XG4ZF4GTYQVV6AW14SHRPAEJ8XT
3Z4XG4ZF4GTYQVV6AW14SHRPAEJ8XT,2021-07-29 20:33:15 -0700,,ASSIGNMENT_REWARD_FEE,,Mechanical Turk,0.2,388FBO7J0ZV66NARVS7N48S5IZEYNM,3Z4XG4ZF4GTYQVV6AW14SHRPAEJ8XT
3MX2NQ3YCHWF3DC4CYU1GXHY8N2X5Y,2021-07-29 20:33:15 -0700,,ASSIGNMENT_REWARD,,AOU59T41ZKA2I,1,39RRBHZ0B23JJIT5T5VXSWVKAWKVZR,3MX2NQ3YCHWF3DC4CYU1GXHY8N2X5Y
3MX2NQ3YCHWF3DC4CYU1GXHY8N2X5Y,2021-07-29 20:33:15 -0700,,ASSIGNMENT_REWARD_FEE,,Mechanical Turk,0.2,39RRBHZ0B23JJIT5T5VXSWVKAWKVZR,3MX2NQ3YCHWF3DC4CYU1GXHY8N2X5Y
3F1567XTN47EV3D4TACQY5Q7XHAQ9Z,2021-07-29 20:33:15 -0700,,ASSIGNMENT_REWARD,,A12EO8AAUDZIU8,1,3ZQA3IO32JTRY2Z0KI0R5AH01OAO1T,3F1567XTN47EV3D4TACQY5Q7XHAQ9Z
3F1567XTN47EV3D4TACQY5Q7XHAQ9Z,2021-07-29 20:33:15 -0700,,ASSIGNMENT_REWARD_FEE,,Mechanical Turk,0.2,3ZQA3IO32JTRY2Z0KI0R5AH01OAO1T,3F1567XTN47EV3D4TACQY5Q7XHAQ9Z
31Z0PCVWUSHN90H3VH81PEAOM02T7P,2021-07-29 20:33:15 -0700,,ASSIGNMENT_REWARD,,A3DTPGXKABAFEJ,1,3X7837UUBL084D90ABK3SARVA5GJ63,31Z0PCVWUSHN90H3VH81PEAOM02T7P
31Z0PCVWUSHN90H3VH81PEAOM02T7P,2021-07-29 20:33:15 -0700,,ASSIGNMENT_REWARD_FEE,,Mechanical Turk,0.2,3X7837UUBL084D90ABK3SARVA5GJ63,31Z0PCVWUSHN90H3VH81PEAOM02T7P
39DD6S19JXD44R5COHBPHC3MTH6EZM,2021-07-29 20:33:15 -0700,,ASSIGNMENT_REWARD,,A3DTPGXKABAFEJ,1,3G9UA71JW3WR8DN5TLPVYORR5G0J72,39DD6S19JXD44R5COHBPHC3MTH6EZM
39DD6S19JXD44R5COHBPHC3MTH6EZM,2021-07-29 20:33:15 -0700,,ASSIGNMENT_REWARD_FEE,,Mechanical Turk,0.2,3G9UA71JW3WR8DN5TLPVYORR5G0J72,39DD6S19JXD44R5COHBPHC3MTH6EZM
3PJUZCGDJEI8PZD87GVQCE5735V891,2021-07-29 20:33:15 -0700,,ASSIGNMENT_REWARD,,A23Z2Z4RJGRUMU,1,3IV1AEQ4EZFV8RSO3QH1CONMG06J8P,3PJUZCGDJEI8PZD87GVQCE5735V891
3PJUZCGDJEI8PZD87GVQCE5735V891,2021-07-29 20:33:15 -0700,,ASSIGNMENT_REWARD_FEE,,Mechanical Turk,0.2,3IV1AEQ4EZFV8RSO3QH1CONMG06J8P,3PJUZCGDJEI8PZD87GVQCE5735V891
3N8OEVH1FZSEHE4UGM346QQWDHXOOQ,2021-07-29 20:33:16 -0700,,ASSIGNMENT_REWARD,,AOU59T41ZKA2I,1,3D0LPO3EBJ1OO8A3W770JXSA89JYO1,3N8OEVH1FZSEHE4UGM346QQWDHXOOQ
3N8OEVH1FZSEHE4UGM346QQWDHXOOQ,2021-07-29 20:33:16 -0700,,ASSIGNMENT_REWARD_FEE,,Mechanical Turk,0.2,3D0LPO3EBJ1OO8A3W770JXSA89JYO1,3N8OEVH1FZSEHE4UGM346QQWDHXOOQ
3OE22WJIGQQCFV17RL7HU1DLA29UQJ,2021-07-29 20:33:16 -0700,,ASSIGNMENT_REWARD,,A3DTPGXKABAFEJ,1,3LAZVA75OQTYNNHW3M05ATR5TUOO2A,3OE22WJIGQQCFV17RL7HU1DLA29UQJ
3OE22WJIGQQCFV17RL7HU1DLA29UQJ,2021-07-29 20:33:16 -0700,,ASSIGNMENT_REWARD_FEE,,Mechanical Turk,0.2,3LAZVA75OQTYNNHW3M05ATR5TUOO2A,3OE22WJIGQQCFV17RL7HU1DLA29UQJ
3LUY3GC6372PH8OWE0ZHK49RXP6P7P,2021-07-29 20:33:16 -0700,,ASSIGNMENT_REWARD,,AOU59T41ZKA2I,1,3WPCIUYH2IA13PKKWS6L0MOWPTUTDA,3LUY3GC6372PH8OWE0ZHK49RXP6P7P
3LUY3GC6372PH8OWE0ZHK49RXP6P7P,2021-07-29 20:33:16 -0700,,ASSIGNMENT_REWARD_FEE,,Mechanical Turk,0.2,3WPCIUYH2IA13PKKWS6L0MOWPTUTDA,3LUY3GC6372PH8OWE0ZHK49RXP6P7P
3BWI6RSP7OBLKHZ65MJ6QSANJI5E7U,2021-07-29 20:33:16 -0700,,ASSIGNMENT_REWARD,,A23Z2Z4RJGRUMU,1,3QHITW7OZWBQD2PGVELO5G53KJYQAR,3BWI6RSP7OBLKHZ65MJ6QSANJI5E7U
3BWI6RSP7OBLKHZ65MJ6QSANJI5E7U,2021-07-29 20:33:16 -0700,,ASSIGNMENT_REWARD_FEE,,Mechanical Turk,0.2,3QHITW7OZWBQD2PGVELO5G53KJYQAR,3BWI6RSP7OBLKHZ65MJ6QSANJI5E7U
3SKRO2GZ79TAVVCECSD0NDWF0ZZ1KE,2021-07-29 20:33:16 -0700,,ASSIGNMENT_REWARD,,A3DTPGXKABAFEJ,1,35ZRNT9RVQ0N85DF7MEAT3WXZ8OO3L,3SKRO2GZ79TAVVCECSD0NDWF0ZZ1KE
3SKRO2GZ79TAVVCECSD0NDWF0ZZ1KE,2021-07-29 20:33:16 -0700,,ASSIGNMENT_REWARD_FEE,,Mechanical Turk,0.2,35ZRNT9RVQ0N85DF7MEAT3WXZ8OO3L,3SKRO2GZ79TAVVCECSD0NDWF0ZZ1KE
3XM0HYN6NS1AQN3618DNQE18JI0EP2,2021-07-29 20:33:16 -0700,,ASSIGNMENT_REWARD,,A12EO8AAUDZIU8,1,3QO7EE373WPVWCU81SLK0RP921JQBM,3XM0HYN6NS1AQN3618DNQE18JI0EP2
3XM0HYN6NS1AQN3618DNQE18JI0EP2,2021-07-29 20:33:16 -0700,,ASSIGNMENT_REWARD_FEE,,Mechanical Turk,0.2,3QO7EE373WPVWCU81SLK0RP921JQBM,3XM0HYN6NS1AQN3618DNQE18JI0EP2
3WJ1OXY92IIMUINDZM9Q89GR9T48AJ,2021-07-29 20:33:16 -0700,,ASSIGNMENT_REWARD,,A12EO8AAUDZIU8,1,3URJ6VVYVXP8Q1WJ70JT38O3D8KO46,3WJ1OXY92IIMUINDZM9Q89GR9T48AJ
3WJ1OXY92IIMUINDZM9Q89GR9T48AJ,2021-07-29 20:33:16 -0700,,ASSIGNMENT_REWARD_FEE,,Mechanical Turk,0.2,3URJ6VVYVXP8Q1WJ70JT38O3D8KO46,3WJ1OXY92IIMUINDZM9Q89GR9T48AJ
3K4J6M3CXMV1NXTVIKLE0MXPX77AGH,2021-07-29 20:33:16 -0700,,ASSIGNMENT_REWARD,,A23Z2Z4RJGRUMU,1,3N3WJQXEM0SQH2EZQUKDICNBYPJL2Q,3K4J6M3CXMV1NXTVIKLE0MXPX77AGH
3K4J6M3CXMV1NXTVIKLE0MXPX77AGH,2021-07-29 20:33:16 -0700,,ASSIGNMENT_REWARD_FEE,,Mechanical Turk,0.2,3N3WJQXEM0SQH2EZQUKDICNBYPJL2Q,3K4J6M3CXMV1NXTVIKLE0MXPX77AGH
3Q8GYXHFEX4R0F19L2YE2KWO77S5CM,2021-07-29 20:33:16 -0700,,ASSIGNMENT_REWARD,,A3DTPGXKABAFEJ,1,3421H3BMAIJVMWBY8INFCKIX06OJ9E,3Q8GYXHFEX4R0F19L2YE2KWO77S5CM
3Q8GYXHFEX4R0F19L2YE2KWO77S5CM,2021-07-29 20:33:16 -0700,,ASSIGNMENT_REWARD_FEE,,Mechanical Turk,0.2,3421H3BMAIJVMWBY8INFCKIX06OJ9E,3Q8GYXHFEX4R0F19L2YE2KWO77S5CM
3URFVVM16DKLTN2YEHQULUPPF4TUZA,2021-07-29 20:33:17 -0700,,ASSIGNMENT_REWARD,,AOU59T41ZKA2I,1,34YWR3PJ3GCELMSAPQJNAIPJ80A0X8,3URFVVM16DKLTN2YEHQULUPPF4TUZA
3URFVVM16DKLTN2YEHQULUPPF4TUZA,2021-07-29 20:33:17 -0700,,ASSIGNMENT_REWARD_FEE,,Mechanical Turk,0.2,34YWR3PJ3GCELMSAPQJNAIPJ80A0X8,3URFVVM16DKLTN2YEHQULUPPF4TUZA
3F6KKYWMNJ35VWDTPYPBG7ESJL9NDL,2021-07-29 20:33:17 -0700,,ASSIGNMENT_REWARD,,A23Z2Z4RJGRUMU,1,3P4C70TRNZJGWWM6P952KGHC88OGL4,3F6KKYWMNJ35VWDTPYPBG7ESJL9NDL
3F6KKYWMNJ35VWDTPYPBG7ESJL9NDL,2021-07-29 20:33:17 -0700,,ASSIGNMENT_REWARD_FEE,,Mechanical Turk,0.2,3P4C70TRNZJGWWM6P952KGHC88OGL4,3F6KKYWMNJ35VWDTPYPBG7ESJL9NDL
3Z3ZLGNNSQWSG1OOC1BG7SNLXP73Q2,2021-07-29 20:33:17 -0700,,ASSIGNMENT_REWARD,,A3DTPGXKABAFEJ,1,3X2YVV51Q26Z3B82B4R1M4UM4Q9W1D,3Z3ZLGNNSQWSG1OOC1BG7SNLXP73Q2
3Z3ZLGNNSQWSG1OOC1BG7SNLXP73Q2,2021-07-29 20:33:17 -0700,,ASSIGNMENT_REWARD_FEE,,Mechanical Turk,0.2,3X2YVV51Q26Z3B82B4R1M4UM4Q9W1D,3Z3ZLGNNSQWSG1OOC1BG7SNLXP73Q2
3LBXNTKX0ZXY40EGFO7ISDM0UKY9XG,2021-07-29 20:33:17 -0700,,ASSIGNMENT_REWARD,,A12EO8AAUDZIU8,1,3MGHRFQY3TR3LRIKUM5PTWWSA640YE,3LBXNTKX0ZXY40EGFO7ISDM0UKY9XG
3LBXNTKX0ZXY40EGFO7ISDM0UKY9XG,2021-07-29 20:33:17 -0700,,ASSIGNMENT_REWARD_FEE,,Mechanical Turk,0.2,3MGHRFQY3TR3LRIKUM5PTWWSA640YE,3LBXNTKX0ZXY40EGFO7ISDM0UKY9XG
3II4UPYCOR9QYTQL5QHSK19XO5DDQX,2021-07-29 20:33:17 -0700,,ASSIGNMENT_REWARD,,A3DTPGXKABAFEJ,1,3XDSWAMB3AUE6HMEFSHFBBVRKMJQCT,3II4UPYCOR9QYTQL5QHSK19XO5DDQX
3II4UPYCOR9QYTQL5QHSK19XO5DDQX,2021-07-29 20:33:17 -0700,,ASSIGNMENT_REWARD_FEE,,Mechanical Turk,0.2,3XDSWAMB3AUE6HMEFSHFBBVRKMJQCT,3II4UPYCOR9QYTQL5QHSK19XO5DDQX
3S06PH7KSZ62HP64KBRDJ01PGRH1DI,2021-07-29 20:33:17 -0700,,ASSIGNMENT_REWARD,,A3DTPGXKABAFEJ,1,3JMNNNO3C966SWQYU8RFRN4RWWNW2U,3S06PH7KSZ62HP64KBRDJ01PGRH1DI
3S06PH7KSZ62HP64KBRDJ01PGRH1DI,2021-07-29 20:33:17 -0700,,ASSIGNMENT_REWARD_FEE,,Mechanical Turk,0.2,3JMNNNO3C966SWQYU8RFRN4RWWNW2U,3S06PH7KSZ62HP64KBRDJ01PGRH1DI
3GGAI1SQE30P8MMFD1F0JM7ATXDCM4,2021-07-29 20:33:17 -0700,,ASSIGNMENT_REWARD,,AOU59T41ZKA2I,1,3Z3R5YC0QBPY19YGNY1BOMRH16ATFL,3GGAI1SQE30P8MMFD1F0JM7ATXDCM4
3GGAI1SQE30P8MMFD1F0JM7ATXDCM4,2021-07-29 20:33:17 -0700,,ASSIGNMENT_REWARD_FEE,,Mechanical Turk,0.2,3Z3R5YC0QBPY19YGNY1BOMRH16ATFL,3GGAI1SQE30P8MMFD1F0JM7ATXDCM4
3VELCLL3GSLZF9K0BHM3704AS4A1F6,2021-07-29 20:33:17 -0700,,ASSIGNMENT_REWARD,,A3DTPGXKABAFEJ,1,3B286OTITMJ9RFL30O1F8FTH6O6JAT,3VELCLL3GSLZF9K0BHM3704AS4A1F6
3VELCLL3GSLZF9K0BHM3704AS4A1F6,2021-07-29 20:33:17 -0700,,ASSIGNMENT_REWARD_FEE,,Mechanical Turk,0.2,3B286OTITMJ9RFL30O1F8FTH6O6JAT,3VELCLL3GSLZF9K0BHM3704AS4A1F6
39GAF6DQWZ2OB66QBWR7PM7WG1DV19,2021-07-29 20:33:17 -0700,,ASSIGNMENT_REWARD,,AOU59T41ZKA2I,1,356ZPKYPVPJ698M4B7KF8XX0IEFYPI,39GAF6DQWZ2OB66QBWR7PM7WG1DV19
39GAF6DQWZ2OB66QBWR7PM7WG1DV19,2021-07-29 20:33:17 -0700,,ASSIGNMENT_REWARD_FEE,,Mechanical Turk,0.2,356ZPKYPVPJ698M4B7KF8XX0IEFYPI,39GAF6DQWZ2OB66QBWR7PM7WG1DV19
3DEL4X4ELEND51MON0ZYRUFR3THYXS,2021-07-29 20:33:18 -0700,,ASSIGNMENT_REWARD,,A3DTPGXKABAFEJ,1,3BKZLF99171R9KNJBKZ482NANA1YQ9,3DEL4X4ELEND51MON0ZYRUFR3THYXS
3DEL4X4ELEND51MON0ZYRUFR3THYXS,2021-07-29 20:33:18 -0700,,ASSIGNMENT_REWARD_FEE,,Mechanical Turk,0.2,3BKZLF99171R9KNJBKZ482NANA1YQ9,3DEL4X4ELEND51MON0ZYRUFR3THYXS
3DH6GAKTY6R2AWM3OINJOFV2BWIYZY,2021-07-29 20:33:18 -0700,,ASSIGNMENT_REWARD,,A3DTPGXKABAFEJ,1,38EHZ67RJUU02E4RPL6HKTW18DEGM6,3DH6GAKTY6R2AWM3OINJOFV2BWIYZY
3DH6GAKTY6R2AWM3OINJOFV2BWIYZY,2021-07-29 20:33:18 -0700,,ASSIGNMENT_REWARD_FEE,,Mechanical Turk,0.2,38EHZ67RJUU02E4RPL6HKTW18DEGM6,3DH6GAKTY6R2AWM3OINJOFV2BWIYZY
3GU1KF0O4Q3CJKRMRHBXP6VNGLPPBF,2021-07-29 20:33:18 -0700,,ASSIGNMENT_REWARD,,A3DTPGXKABAFEJ,1,3IJ95K7NE5E6KWPR1MLHX8L1D3OGN6,3GU1KF0O4Q3CJKRMRHBXP6VNGLPPBF
3GU1KF0O4Q3CJKRMRHBXP6VNGLPPBF,2021-07-29 20:33:18 -0700,,ASSIGNMENT_REWARD_FEE,,Mechanical Turk,0.2,3IJ95K7NE5E6KWPR1MLHX8L1D3OGN6,3GU1KF0O4Q3CJKRMRHBXP6VNGLPPBF
3STP1Q993VOOR9IBYL386NIWT8PRHF,2021-07-30 07:07:59 -0700,,BONUS_REWARD,,A1R3AG41BKW22B,0.1,3ZURAPD29GPXSPM7LFH1IG8M9NKF1Z,3STP1Q993VOOR9IBYL386NIWT8PRHF
3STP1Q993VOOR9IBYL386NIWT8PRHF,2021-07-30 07:07:59 -0700,,BONUS_REWARD_FEE,,Mechanical Turk,0.02,3ZURAPD29GPXSPM7LFH1IG8M9NKF1Z,3STP1Q993VOOR9IBYL386NIWT8PRHF
3LOZAJ85YLFN4GTHUFS3IQEMO91X2F,2021-07-30 07:11:30 -0700,,ASSIGNMENT_REWARD,,A1R3AG41BKW22B,1,3ZURAPD29GPXSPM7LFH1IG8M9NKF1Z,3LOZAJ85YLFN4GTHUFS3IQEMO91X2F
3LOZAJ85YLFN4GTHUFS3IQEMO91X2F,2021-07-30 07:11:30 -0700,,ASSIGNMENT_REWARD_FEE,,Mechanical Turk,0.2,3ZURAPD29GPXSPM7LFH1IG8M9NKF1Z,3LOZAJ85YLFN4GTHUFS3IQEMO91X2F
36UKXIFQT7O9BU4N5X05SY3JVX68KP,2021-07-30 07:16:06 -0700,,BONUS_REWARD,,A35T79LLCN429G,0.1,360ZO6N6K9LLN4HJBF07SCAE40K9M9,36UKXIFQT7O9BU4N5X05SY3JVX68KP
36UKXIFQT7O9BU4N5X05SY3JVX68KP,2021-07-30 07:16:06 -0700,,BONUS_REWARD_FEE,,Mechanical Turk,0.02,360ZO6N6K9LLN4HJBF07SCAE40K9M9,36UKXIFQT7O9BU4N5X05SY3JVX68KP
30BUDKLTXLX6XDLNHT49S8WRSJFE5Y,2021-07-30 07:16:43 -0700,,ASSIGNMENT_REWARD,,A35T79LLCN429G,1,360ZO6N6K9LLN4HJBF07SCAE40K9M9,30BUDKLTXLX6XDLNHT49S8WRSJFE5Y
30BUDKLTXLX6XDLNHT49S8WRSJFE5Y,2021-07-30 07:16:43 -0700,,ASSIGNMENT_REWARD_FEE,,Mechanical Turk,0.2,360ZO6N6K9LLN4HJBF07SCAE40K9M9,30BUDKLTXLX6XDLNHT49S8WRSJFE5Y
33BRDEWP758NGS9LXE124K6YZ2EOLA,2021-07-30 07:20:21 -0700,,BONUS_REWARD,,A3GGA7I8AFZ8KZ,0.1,3PEG1BH7BMT9L9WDON1N45D03VSKBP,33BRDEWP758NGS9LXE124K6YZ2EOLA
33BRDEWP758NGS9LXE124K6YZ2EOLA,2021-07-30 07:20:21 -0700,,BONUS_REWARD_FEE,,Mechanical Turk,0.02,3PEG1BH7BMT9L9WDON1N45D03VSKBP,33BRDEWP758NGS9LXE124K6YZ2EOLA
3E13VNJ1NVXJP0MQCPSOAXH28QX1IG,2021-07-30 07:21:21 -0700,,ASSIGNMENT_REWARD,,A3GGA7I8AFZ8KZ,1,3PEG1BH7BMT9L9WDON1N45D03VSKBP,3E13VNJ1NVXJP0MQCPSOAXH28QX1IG
3E13VNJ1NVXJP0MQCPSOAXH28QX1IG,2021-07-30 07:21:21 -0700,,ASSIGNMENT_REWARD_FEE,,Mechanical Turk,0.2,3PEG1BH7BMT9L9WDON1N45D03VSKBP,3E13VNJ1NVXJP0MQCPSOAXH28QX1IG
3Z4GS9HPN3C0B2KWIE50KII6X2B77P,2021-07-30 07:25:08 -0700,,ASSIGNMENT_REWARD,,A21XMG5KSWXX9M,1,3O71U79SSJR3SJDIKL0Y97F4WO9MSX,3Z4GS9HPN3C0B2KWIE50KII6X2B77P
3Z4GS9HPN3C0B2KWIE50KII6X2B77P,2021-07-30 07:25:08 -0700,,ASSIGNMENT_REWARD_FEE,,Mechanical Turk,0.2,3O71U79SSJR3SJDIKL0Y97F4WO9MSX,3Z4GS9HPN3C0B2KWIE50KII6X2B77P
3I8HC547K27JUXA897P9ZOCL8LEGMI,2021-07-30 07:29:54 -0700,,BONUS_REWARD,,A1ORUO2MGV9AT6,0.1,3EFNPKWBN0Q25OLW51CZ320F15930B,3I8HC547K27JUXA897P9ZOCL8LEGMI
3I8HC547K27JUXA897P9ZOCL8LEGMI,2021-07-30 07:29:54 -0700,,BONUS_REWARD_FEE,,Mechanical Turk,0.02,3EFNPKWBN0Q25OLW51CZ320F15930B,3I8HC547K27JUXA897P9ZOCL8LEGMI
3FTF2T8WLZKJF09Q5JBWQU8TLDNW9V,2021-07-30 07:30:06 -0700,,ASSIGNMENT_REWARD,,A1ORUO2MGV9AT6,1,3EFNPKWBN0Q25OLW51CZ320F15930B,3FTF2T8WLZKJF09Q5JBWQU8TLDNW9V
3FTF2T8WLZKJF09Q5JBWQU8TLDNW9V,2021-07-30 07:30:06 -0700,,ASSIGNMENT_REWARD_FEE,,Mechanical Turk,0.2,3EFNPKWBN0Q25OLW51CZ320F15930B,3FTF2T8WLZKJF09Q5JBWQU8TLDNW9V
